{
  "A": [
    1.8502662106391008,
    0.08751614314291359,
    0.24677546970787134,
    0.010020277553035547
  ],
  "B": [
    1.3089970082273448,
    0.28680484783944293,
    0.3373481847853191,
    0.038559024867546185
  ],
  "C": [],
  "D": [
    1.0882954008765895,
    0.506991796937296,
    0.43760938621139717,
    0.052619354546256034
  ],
  "E": [
    1.4022051001044855,
    0.20313839736996192,
    0.36964091672093635,
    0.04354066680243489
  ],
  "F": [
    1.5147139578880806,
    0.11931021009120185,
    0.33811394472666995,
    0.01965255534498351
  ],
  "G": [
    1.1141383442735426,
    0.3550724143451465,
    0.446819754588335,
    0.05339636450353848
  ],
  "H": [
    1.5797704282044698,
    0.15840531339687014,
    0.29608112671293313,
    0.027968601486189508
  ],
  "I": [
    1.1154414951736447,
    0.5498501467884361,
    0.3691226632554698,
    0.021489198544100148
  ],
  "J": [
    1.6581168061929794,
    0.04942277982300256,
    0.2849447079610923,
    0.02791177782073932
  ],
  "K": [
    1.624055194976541,
    0.10576096164912852,
    0.3126385298209719,
    0.04680265309092931
  ],
  "S": [
    2.0898823918387888,
    0.004865465619952335,
    0.2491566006382627,
    0.005128280973595324
  ]
}